<?xml version="1.0" encoding="UTF-8"?>
<thumbnails version="1.2.0">
  <thumbnail camera_id="0" path="c0.jpg"/>
  <thumbnail camera_id="1" path="c1.jpg"/>
  <thumbnail camera_id="2" path="c2.jpg"/>
  <thumbnail camera_id="3" path="c3.jpg"/>
  <thumbnail camera_id="4" path="c4.jpg"/>
  <thumbnail camera_id="5" path="c5.jpg"/>
  <thumbnail camera_id="6" path="c6.jpg"/>
  <thumbnail camera_id="7" path="c7.jpg"/>
  <thumbnail camera_id="8" path="c8.jpg"/>
  <thumbnail camera_id="9" path="c9.jpg"/>
  <thumbnail camera_id="10" path="c10.jpg"/>
  <thumbnail camera_id="11" path="c11.jpg"/>
  <thumbnail camera_id="12" path="c12.jpg"/>
  <thumbnail camera_id="13" path="c13.jpg"/>
  <thumbnail camera_id="14" path="c14.jpg"/>
  <thumbnail camera_id="15" path="c15.jpg"/>
  <thumbnail camera_id="16" path="c16.jpg"/>
  <thumbnail camera_id="17" path="c17.jpg"/>
  <thumbnail camera_id="18" path="c18.jpg"/>
  <thumbnail camera_id="19" path="c19.jpg"/>
  <thumbnail camera_id="20" path="c20.jpg"/>
  <thumbnail camera_id="21" path="c21.jpg"/>
  <thumbnail camera_id="22" path="c22.jpg"/>
  <thumbnail camera_id="23" path="c23.jpg"/>
  <thumbnail camera_id="24" path="c24.jpg"/>
  <thumbnail camera_id="25" path="c25.jpg"/>
  <thumbnail camera_id="26" path="c26.jpg"/>
  <thumbnail camera_id="27" path="c27.jpg"/>
  <thumbnail camera_id="28" path="c28.jpg"/>
  <thumbnail camera_id="29" path="c29.jpg"/>
  <thumbnail camera_id="30" path="c30.jpg"/>
  <thumbnail camera_id="31" path="c31.jpg"/>
  <thumbnail camera_id="32" path="c32.jpg"/>
  <thumbnail camera_id="33" path="c33.jpg"/>
  <thumbnail camera_id="34" path="c34.jpg"/>
  <thumbnail camera_id="35" path="c35.jpg"/>
  <thumbnail camera_id="36" path="c36.jpg"/>
  <thumbnail camera_id="37" path="c37.jpg"/>
  <thumbnail camera_id="38" path="c38.jpg"/>
  <thumbnail camera_id="39" path="c39.jpg"/>
  <thumbnail camera_id="40" path="c40.jpg"/>
  <thumbnail camera_id="41" path="c41.jpg"/>
  <thumbnail camera_id="42" path="c42.jpg"/>
  <thumbnail camera_id="43" path="c43.jpg"/>
  <thumbnail camera_id="44" path="c44.jpg"/>
  <thumbnail camera_id="45" path="c45.jpg"/>
  <thumbnail camera_id="46" path="c46.jpg"/>
  <thumbnail camera_id="47" path="c47.jpg"/>
  <thumbnail camera_id="48" path="c48.jpg"/>
  <thumbnail camera_id="49" path="c49.jpg"/>
  <thumbnail camera_id="50" path="c50.jpg"/>
  <thumbnail camera_id="51" path="c51.jpg"/>
  <thumbnail camera_id="52" path="c52.jpg"/>
  <thumbnail camera_id="53" path="c53.jpg"/>
  <thumbnail camera_id="54" path="c54.jpg"/>
  <thumbnail camera_id="55" path="c55.jpg"/>
  <thumbnail camera_id="56" path="c56.jpg"/>
  <thumbnail camera_id="57" path="c57.jpg"/>
  <thumbnail camera_id="58" path="c58.jpg"/>
  <thumbnail camera_id="59" path="c59.jpg"/>
  <thumbnail camera_id="240" path="c240.jpg"/>
  <thumbnail camera_id="241" path="c241.jpg"/>
  <thumbnail camera_id="242" path="c242.jpg"/>
  <thumbnail camera_id="243" path="c243.jpg"/>
  <thumbnail camera_id="244" path="c244.jpg"/>
  <thumbnail camera_id="245" path="c245.jpg"/>
  <thumbnail camera_id="246" path="c246.jpg"/>
  <thumbnail camera_id="300" path="c300.jpg"/>
  <thumbnail camera_id="301" path="c301.jpg"/>
  <thumbnail camera_id="302" path="c302.jpg"/>
  <thumbnail camera_id="303" path="c303.jpg"/>
  <thumbnail camera_id="304" path="c304.jpg"/>
  <thumbnail camera_id="305" path="c305.jpg"/>
  <thumbnail camera_id="306" path="c306.jpg"/>
  <thumbnail camera_id="307" path="c307.jpg"/>
  <thumbnail camera_id="308" path="c308.jpg"/>
  <thumbnail camera_id="309" path="c309.jpg"/>
  <thumbnail camera_id="310" path="c310.jpg"/>
  <thumbnail camera_id="311" path="c311.jpg"/>
  <thumbnail camera_id="312" path="c312.jpg"/>
  <thumbnail camera_id="313" path="c313.jpg"/>
  <thumbnail camera_id="314" path="c314.jpg"/>
  <thumbnail camera_id="315" path="c315.jpg"/>
  <thumbnail camera_id="316" path="c316.jpg"/>
  <thumbnail camera_id="317" path="c317.jpg"/>
  <thumbnail camera_id="318" path="c318.jpg"/>
  <thumbnail camera_id="319" path="c319.jpg"/>
  <thumbnail camera_id="320" path="c320.jpg"/>
  <thumbnail camera_id="321" path="c321.jpg"/>
  <thumbnail camera_id="322" path="c322.jpg"/>
  <thumbnail camera_id="323" path="c323.jpg"/>
  <thumbnail camera_id="324" path="c324.jpg"/>
  <thumbnail camera_id="325" path="c325.jpg"/>
  <thumbnail camera_id="326" path="c326.jpg"/>
  <thumbnail camera_id="327" path="c327.jpg"/>
  <thumbnail camera_id="328" path="c328.jpg"/>
  <thumbnail camera_id="329" path="c329.jpg"/>
  <thumbnail camera_id="330" path="c330.jpg"/>
  <thumbnail camera_id="331" path="c331.jpg"/>
  <thumbnail camera_id="500" path="c500.jpg"/>
  <thumbnail camera_id="560" path="c560.jpg"/>
  <thumbnail camera_id="561" path="c561.jpg"/>
  <thumbnail camera_id="562" path="c562.jpg"/>
  <thumbnail camera_id="760" path="c760.jpg"/>
  <thumbnail camera_id="851" path="c851.jpg"/>
  <thumbnail camera_id="920" path="c920.jpg"/>
  <thumbnail camera_id="1120" path="c1120.jpg"/>
  <thumbnail camera_id="1180" path="c1180.jpg"/>
  <thumbnail camera_id="1340" path="c1340.jpg"/>
  <thumbnail camera_id="1341" path="c1341.jpg"/>
  <thumbnail camera_id="1342" path="c1342.jpg"/>
  <thumbnail camera_id="1343" path="c1343.jpg"/>
  <thumbnail camera_id="1344" path="c1344.jpg"/>
  <thumbnail camera_id="1345" path="c1345.jpg"/>
  <thumbnail camera_id="1346" path="c1346.jpg"/>
  <thumbnail camera_id="1347" path="c1347.jpg"/>
  <thumbnail camera_id="1348" path="c1348.jpg"/>
  <thumbnail camera_id="1349" path="c1349.jpg"/>
  <thumbnail camera_id="1350" path="c1350.jpg"/>
  <thumbnail camera_id="1351" path="c1351.jpg"/>
  <thumbnail camera_id="1352" path="c1352.jpg"/>
  <thumbnail camera_id="1353" path="c1353.jpg"/>
  <thumbnail camera_id="1354" path="c1354.jpg"/>
  <thumbnail camera_id="1355" path="c1355.jpg"/>
  <thumbnail camera_id="1356" path="c1356.jpg"/>
  <thumbnail camera_id="1357" path="c1357.jpg"/>
  <thumbnail camera_id="1358" path="c1358.jpg"/>
  <thumbnail camera_id="1380" path="c1380.jpg"/>
  <thumbnail camera_id="1381" path="c1381.jpg"/>
  <thumbnail camera_id="1382" path="c1382.jpg"/>
  <thumbnail camera_id="1383" path="c1383.jpg"/>
  <thumbnail camera_id="1384" path="c1384.jpg"/>
  <thumbnail camera_id="1385" path="c1385.jpg"/>
  <thumbnail camera_id="1386" path="c1386.jpg"/>
  <thumbnail camera_id="1387" path="c1387.jpg"/>
  <thumbnail camera_id="1388" path="c1388.jpg"/>
  <thumbnail camera_id="1389" path="c1389.jpg"/>
  <thumbnail camera_id="1390" path="c1390.jpg"/>
  <thumbnail camera_id="1391" path="c1391.jpg"/>
  <thumbnail camera_id="1392" path="c1392.jpg"/>
  <thumbnail camera_id="1393" path="c1393.jpg"/>
  <thumbnail camera_id="1394" path="c1394.jpg"/>
  <thumbnail camera_id="1395" path="c1395.jpg"/>
  <thumbnail camera_id="1396" path="c1396.jpg"/>
  <thumbnail camera_id="1397" path="c1397.jpg"/>
  <thumbnail camera_id="1398" path="c1398.jpg"/>
  <thumbnail camera_id="1399" path="c1399.jpg"/>
  <thumbnail camera_id="1400" path="c1400.jpg"/>
  <thumbnail camera_id="1401" path="c1401.jpg"/>
  <thumbnail camera_id="1402" path="c1402.jpg"/>
  <thumbnail camera_id="1403" path="c1403.jpg"/>
  <thumbnail camera_id="1404" path="c1404.jpg"/>
  <thumbnail camera_id="1405" path="c1405.jpg"/>
  <thumbnail camera_id="1406" path="c1406.jpg"/>
  <thumbnail camera_id="1407" path="c1407.jpg"/>
  <thumbnail camera_id="1408" path="c1408.jpg"/>
  <thumbnail camera_id="1409" path="c1409.jpg"/>
  <thumbnail camera_id="1410" path="c1410.jpg"/>
  <thumbnail camera_id="1411" path="c1411.jpg"/>
  <thumbnail camera_id="1412" path="c1412.jpg"/>
  <thumbnail camera_id="1413" path="c1413.jpg"/>
  <thumbnail camera_id="1414" path="c1414.jpg"/>
  <thumbnail camera_id="1415" path="c1415.jpg"/>
  <thumbnail camera_id="1416" path="c1416.jpg"/>
  <thumbnail camera_id="1417" path="c1417.jpg"/>
  <thumbnail camera_id="1418" path="c1418.jpg"/>
  <thumbnail camera_id="1419" path="c1419.jpg"/>
  <thumbnail camera_id="1420" path="c1420.jpg"/>
  <thumbnail camera_id="1421" path="c1421.jpg"/>
  <thumbnail camera_id="1422" path="c1422.jpg"/>
  <thumbnail camera_id="1423" path="c1423.jpg"/>
  <thumbnail camera_id="1424" path="c1424.jpg"/>
  <thumbnail camera_id="1425" path="c1425.jpg"/>
  <thumbnail camera_id="1426" path="c1426.jpg"/>
  <thumbnail camera_id="1427" path="c1427.jpg"/>
  <thumbnail camera_id="1428" path="c1428.jpg"/>
  <thumbnail camera_id="1429" path="c1429.jpg"/>
  <thumbnail camera_id="1430" path="c1430.jpg"/>
  <thumbnail camera_id="1431" path="c1431.jpg"/>
  <thumbnail camera_id="1432" path="c1432.jpg"/>
  <thumbnail camera_id="1433" path="c1433.jpg"/>
  <thumbnail camera_id="1434" path="c1434.jpg"/>
  <thumbnail camera_id="1435" path="c1435.jpg"/>
  <thumbnail camera_id="1436" path="c1436.jpg"/>
  <thumbnail camera_id="1437" path="c1437.jpg"/>
  <thumbnail camera_id="1438" path="c1438.jpg"/>
  <thumbnail camera_id="1439" path="c1439.jpg"/>
  <thumbnail camera_id="1440" path="c1440.jpg"/>
  <thumbnail camera_id="1441" path="c1441.jpg"/>
  <thumbnail camera_id="1442" path="c1442.jpg"/>
  <thumbnail camera_id="1443" path="c1443.jpg"/>
  <thumbnail camera_id="1444" path="c1444.jpg"/>
  <thumbnail camera_id="1445" path="c1445.jpg"/>
  <thumbnail camera_id="1446" path="c1446.jpg"/>
  <thumbnail camera_id="1447" path="c1447.jpg"/>
  <thumbnail camera_id="1448" path="c1448.jpg"/>
  <thumbnail camera_id="1449" path="c1449.jpg"/>
  <thumbnail camera_id="1450" path="c1450.jpg"/>
  <thumbnail camera_id="1451" path="c1451.jpg"/>
  <thumbnail camera_id="1452" path="c1452.jpg"/>
  <thumbnail camera_id="1453" path="c1453.jpg"/>
  <thumbnail camera_id="1454" path="c1454.jpg"/>
  <thumbnail camera_id="1455" path="c1455.jpg"/>
  <thumbnail camera_id="1456" path="c1456.jpg"/>
  <thumbnail camera_id="1457" path="c1457.jpg"/>
  <thumbnail camera_id="1458" path="c1458.jpg"/>
  <thumbnail camera_id="1459" path="c1459.jpg"/>
  <thumbnail camera_id="1460" path="c1460.jpg"/>
  <thumbnail camera_id="1461" path="c1461.jpg"/>
  <thumbnail camera_id="1462" path="c1462.jpg"/>
  <thumbnail camera_id="1463" path="c1463.jpg"/>
  <thumbnail camera_id="1464" path="c1464.jpg"/>
  <thumbnail camera_id="1465" path="c1465.jpg"/>
  <thumbnail camera_id="1466" path="c1466.jpg"/>
  <thumbnail camera_id="1467" path="c1467.jpg"/>
  <thumbnail camera_id="1468" path="c1468.jpg"/>
  <thumbnail camera_id="1469" path="c1469.jpg"/>
  <thumbnail camera_id="1470" path="c1470.jpg"/>
  <thumbnail camera_id="1471" path="c1471.jpg"/>
  <thumbnail camera_id="1472" path="c1472.jpg"/>
  <thumbnail camera_id="1473" path="c1473.jpg"/>
  <thumbnail camera_id="1474" path="c1474.jpg"/>
  <thumbnail camera_id="1475" path="c1475.jpg"/>
  <thumbnail camera_id="1476" path="c1476.jpg"/>
  <thumbnail camera_id="1477" path="c1477.jpg"/>
  <thumbnail camera_id="1478" path="c1478.jpg"/>
  <thumbnail camera_id="1479" path="c1479.jpg"/>
  <thumbnail camera_id="1480" path="c1480.jpg"/>
  <thumbnail camera_id="1481" path="c1481.jpg"/>
  <thumbnail camera_id="1482" path="c1482.jpg"/>
  <thumbnail camera_id="1483" path="c1483.jpg"/>
  <thumbnail camera_id="1484" path="c1484.jpg"/>
  <thumbnail camera_id="1485" path="c1485.jpg"/>
  <thumbnail camera_id="1486" path="c1486.jpg"/>
  <thumbnail camera_id="1487" path="c1487.jpg"/>
  <thumbnail camera_id="1488" path="c1488.jpg"/>
  <thumbnail camera_id="1489" path="c1489.jpg"/>
  <thumbnail camera_id="1490" path="c1490.jpg"/>
  <thumbnail camera_id="1491" path="c1491.jpg"/>
  <thumbnail camera_id="1492" path="c1492.jpg"/>
  <thumbnail camera_id="1493" path="c1493.jpg"/>
  <thumbnail camera_id="1494" path="c1494.jpg"/>
  <thumbnail camera_id="1495" path="c1495.jpg"/>
  <thumbnail camera_id="1496" path="c1496.jpg"/>
  <thumbnail camera_id="1497" path="c1497.jpg"/>
  <thumbnail camera_id="1498" path="c1498.jpg"/>
  <thumbnail camera_id="1499" path="c1499.jpg"/>
  <thumbnail camera_id="5493" path="c5493.jpg"/>
  <thumbnail camera_id="5494" path="c5494.jpg"/>
  <thumbnail camera_id="5495" path="c5495.jpg"/>
  <thumbnail camera_id="5496" path="c5496.jpg"/>
  <thumbnail camera_id="5497" path="c5497.jpg"/>
  <thumbnail camera_id="5498" path="c5498.jpg"/>
  <thumbnail camera_id="5499" path="c5499.jpg"/>
  <thumbnail camera_id="5500" path="c5500.jpg"/>
  <thumbnail camera_id="5501" path="c5501.jpg"/>
  <thumbnail camera_id="5502" path="c5502.jpg"/>
  <thumbnail camera_id="5503" path="c5503.jpg"/>
  <thumbnail camera_id="5504" path="c5504.jpg"/>
  <thumbnail camera_id="5505" path="c5505.jpg"/>
  <thumbnail camera_id="5506" path="c5506.jpg"/>
  <thumbnail camera_id="5507" path="c5507.jpg"/>
  <thumbnail camera_id="5508" path="c5508.jpg"/>
  <thumbnail camera_id="5509" path="c5509.jpg"/>
  <thumbnail camera_id="5510" path="c5510.jpg"/>
  <thumbnail camera_id="5511" path="c5511.jpg"/>
  <thumbnail camera_id="5512" path="c5512.jpg"/>
  <thumbnail camera_id="5513" path="c5513.jpg"/>
  <thumbnail camera_id="5514" path="c5514.jpg"/>
  <thumbnail camera_id="5515" path="c5515.jpg"/>
  <thumbnail camera_id="5516" path="c5516.jpg"/>
  <thumbnail camera_id="5517" path="c5517.jpg"/>
  <thumbnail camera_id="5518" path="c5518.jpg"/>
  <thumbnail camera_id="5519" path="c5519.jpg"/>
  <thumbnail camera_id="5520" path="c5520.jpg"/>
  <thumbnail camera_id="5521" path="c5521.jpg"/>
  <thumbnail camera_id="5522" path="c5522.jpg"/>
  <thumbnail camera_id="5523" path="c5523.jpg"/>
  <thumbnail camera_id="5524" path="c5524.jpg"/>
  <thumbnail camera_id="5525" path="c5525.jpg"/>
  <thumbnail camera_id="5526" path="c5526.jpg"/>
  <thumbnail camera_id="5527" path="c5527.jpg"/>
  <thumbnail camera_id="5528" path="c5528.jpg"/>
  <thumbnail camera_id="5529" path="c5529.jpg"/>
  <thumbnail camera_id="5530" path="c5530.jpg"/>
  <thumbnail camera_id="5531" path="c5531.jpg"/>
  <thumbnail camera_id="5532" path="c5532.jpg"/>
  <thumbnail camera_id="5533" path="c5533.jpg"/>
  <thumbnail camera_id="5534" path="c5534.jpg"/>
  <thumbnail camera_id="5535" path="c5535.jpg"/>
  <thumbnail camera_id="5536" path="c5536.jpg"/>
  <thumbnail camera_id="5537" path="c5537.jpg"/>
  <thumbnail camera_id="5538" path="c5538.jpg"/>
  <thumbnail camera_id="5539" path="c5539.jpg"/>
  <thumbnail camera_id="5540" path="c5540.jpg"/>
  <thumbnail camera_id="5541" path="c5541.jpg"/>
  <thumbnail camera_id="5542" path="c5542.jpg"/>
  <thumbnail camera_id="5543" path="c5543.jpg"/>
  <thumbnail camera_id="5544" path="c5544.jpg"/>
  <thumbnail camera_id="5545" path="c5545.jpg"/>
  <thumbnail camera_id="5546" path="c5546.jpg"/>
  <thumbnail camera_id="5547" path="c5547.jpg"/>
  <thumbnail camera_id="5548" path="c5548.jpg"/>
  <thumbnail camera_id="5549" path="c5549.jpg"/>
  <thumbnail camera_id="5550" path="c5550.jpg"/>
  <thumbnail camera_id="5551" path="c5551.jpg"/>
  <thumbnail camera_id="5552" path="c5552.jpg"/>
  <thumbnail camera_id="5553" path="c5553.jpg"/>
  <thumbnail camera_id="5554" path="c5554.jpg"/>
  <thumbnail camera_id="5555" path="c5555.jpg"/>
  <thumbnail camera_id="5556" path="c5556.jpg"/>
  <thumbnail camera_id="5557" path="c5557.jpg"/>
  <thumbnail camera_id="5558" path="c5558.jpg"/>
  <thumbnail camera_id="5559" path="c5559.jpg"/>
  <thumbnail camera_id="5560" path="c5560.jpg"/>
  <thumbnail camera_id="5561" path="c5561.jpg"/>
  <thumbnail camera_id="5562" path="c5562.jpg"/>
  <thumbnail camera_id="5563" path="c5563.jpg"/>
  <thumbnail camera_id="5564" path="c5564.jpg"/>
  <thumbnail camera_id="5565" path="c5565.jpg"/>
  <thumbnail camera_id="5566" path="c5566.jpg"/>
  <thumbnail camera_id="5567" path="c5567.jpg"/>
  <thumbnail camera_id="5568" path="c5568.jpg"/>
  <thumbnail camera_id="5569" path="c5569.jpg"/>
  <thumbnail camera_id="5570" path="c5570.jpg"/>
  <thumbnail camera_id="5571" path="c5571.jpg"/>
  <thumbnail camera_id="5572" path="c5572.jpg"/>
  <thumbnail camera_id="5573" path="c5573.jpg"/>
  <thumbnail camera_id="5574" path="c5574.jpg"/>
  <thumbnail camera_id="5575" path="c5575.jpg"/>
  <thumbnail camera_id="5576" path="c5576.jpg"/>
  <thumbnail camera_id="5577" path="c5577.jpg"/>
  <thumbnail camera_id="5578" path="c5578.jpg"/>
  <thumbnail camera_id="5579" path="c5579.jpg"/>
  <thumbnail camera_id="5580" path="c5580.jpg"/>
  <thumbnail camera_id="5581" path="c5581.jpg"/>
  <thumbnail camera_id="5582" path="c5582.jpg"/>
  <thumbnail camera_id="5583" path="c5583.jpg"/>
  <thumbnail camera_id="5584" path="c5584.jpg"/>
  <thumbnail camera_id="5585" path="c5585.jpg"/>
  <thumbnail camera_id="5586" path="c5586.jpg"/>
  <thumbnail camera_id="5587" path="c5587.jpg"/>
  <thumbnail camera_id="5588" path="c5588.jpg"/>
  <thumbnail camera_id="5589" path="c5589.jpg"/>
  <thumbnail camera_id="5590" path="c5590.jpg"/>
  <thumbnail camera_id="5591" path="c5591.jpg"/>
  <thumbnail camera_id="5592" path="c5592.jpg"/>
  <thumbnail camera_id="5593" path="c5593.jpg"/>
  <thumbnail camera_id="5594" path="c5594.jpg"/>
  <thumbnail camera_id="5595" path="c5595.jpg"/>
  <thumbnail camera_id="5596" path="c5596.jpg"/>
  <thumbnail camera_id="5597" path="c5597.jpg"/>
  <thumbnail camera_id="5598" path="c5598.jpg"/>
  <thumbnail camera_id="5599" path="c5599.jpg"/>
  <thumbnail camera_id="5600" path="c5600.jpg"/>
  <thumbnail camera_id="5601" path="c5601.jpg"/>
  <thumbnail camera_id="5602" path="c5602.jpg"/>
  <thumbnail camera_id="5603" path="c5603.jpg"/>
  <thumbnail camera_id="5604" path="c5604.jpg"/>
  <thumbnail camera_id="5605" path="c5605.jpg"/>
  <thumbnail camera_id="5606" path="c5606.jpg"/>
  <thumbnail camera_id="5607" path="c5607.jpg"/>
  <thumbnail camera_id="5608" path="c5608.jpg"/>
  <thumbnail camera_id="5609" path="c5609.jpg"/>
  <thumbnail camera_id="5610" path="c5610.jpg"/>
  <thumbnail camera_id="5611" path="c5611.jpg"/>
  <thumbnail camera_id="5612" path="c5612.jpg"/>
  <thumbnail camera_id="5613" path="c5613.jpg"/>
  <thumbnail camera_id="5614" path="c5614.jpg"/>
  <thumbnail camera_id="5615" path="c5615.jpg"/>
  <thumbnail camera_id="5616" path="c5616.jpg"/>
  <thumbnail camera_id="5617" path="c5617.jpg"/>
  <thumbnail camera_id="5618" path="c5618.jpg"/>
  <thumbnail camera_id="5619" path="c5619.jpg"/>
  <thumbnail camera_id="5620" path="c5620.jpg"/>
  <thumbnail camera_id="5621" path="c5621.jpg"/>
  <thumbnail camera_id="5622" path="c5622.jpg"/>
  <thumbnail camera_id="5623" path="c5623.jpg"/>
  <thumbnail camera_id="5624" path="c5624.jpg"/>
  <thumbnail camera_id="5625" path="c5625.jpg"/>
  <thumbnail camera_id="5626" path="c5626.jpg"/>
  <thumbnail camera_id="5627" path="c5627.jpg"/>
  <thumbnail camera_id="5628" path="c5628.jpg"/>
  <thumbnail camera_id="5629" path="c5629.jpg"/>
  <thumbnail camera_id="5630" path="c5630.jpg"/>
  <thumbnail camera_id="5631" path="c5631.jpg"/>
  <thumbnail camera_id="5632" path="c5632.jpg"/>
  <thumbnail camera_id="5633" path="c5633.jpg"/>
  <thumbnail camera_id="5634" path="c5634.jpg"/>
  <thumbnail camera_id="5635" path="c5635.jpg"/>
  <thumbnail camera_id="5636" path="c5636.jpg"/>
  <thumbnail camera_id="5637" path="c5637.jpg"/>
  <thumbnail camera_id="5638" path="c5638.jpg"/>
  <thumbnail camera_id="5639" path="c5639.jpg"/>
  <thumbnail camera_id="5640" path="c5640.jpg"/>
  <thumbnail camera_id="5641" path="c5641.jpg"/>
  <thumbnail camera_id="5642" path="c5642.jpg"/>
  <thumbnail camera_id="5643" path="c5643.jpg"/>
  <thumbnail camera_id="5644" path="c5644.jpg"/>
  <thumbnail camera_id="5645" path="c5645.jpg"/>
  <thumbnail camera_id="5646" path="c5646.jpg"/>
  <thumbnail camera_id="5647" path="c5647.jpg"/>
  <thumbnail camera_id="5648" path="c5648.jpg"/>
  <thumbnail camera_id="5649" path="c5649.jpg"/>
  <thumbnail camera_id="5650" path="c5650.jpg"/>
  <thumbnail camera_id="5651" path="c5651.jpg"/>
  <thumbnail camera_id="5652" path="c5652.jpg"/>
  <thumbnail camera_id="5653" path="c5653.jpg"/>
  <thumbnail camera_id="5654" path="c5654.jpg"/>
  <thumbnail camera_id="5655" path="c5655.jpg"/>
  <thumbnail camera_id="5656" path="c5656.jpg"/>
  <thumbnail camera_id="5657" path="c5657.jpg"/>
  <thumbnail camera_id="5658" path="c5658.jpg"/>
  <thumbnail camera_id="5659" path="c5659.jpg"/>
  <thumbnail camera_id="5660" path="c5660.jpg"/>
  <thumbnail camera_id="5661" path="c5661.jpg"/>
  <thumbnail camera_id="5662" path="c5662.jpg"/>
  <thumbnail camera_id="5663" path="c5663.jpg"/>
  <thumbnail camera_id="5664" path="c5664.jpg"/>
  <thumbnail camera_id="5665" path="c5665.jpg"/>
  <thumbnail camera_id="5666" path="c5666.jpg"/>
  <thumbnail camera_id="5667" path="c5667.jpg"/>
  <thumbnail camera_id="5668" path="c5668.jpg"/>
  <thumbnail camera_id="5669" path="c5669.jpg"/>
  <thumbnail camera_id="5670" path="c5670.jpg"/>
  <thumbnail camera_id="5671" path="c5671.jpg"/>
  <thumbnail camera_id="5672" path="c5672.jpg"/>
  <thumbnail camera_id="5673" path="c5673.jpg"/>
  <thumbnail camera_id="5674" path="c5674.jpg"/>
  <thumbnail camera_id="5675" path="c5675.jpg"/>
  <thumbnail camera_id="5676" path="c5676.jpg"/>
  <thumbnail camera_id="5677" path="c5677.jpg"/>
  <thumbnail camera_id="5678" path="c5678.jpg"/>
  <thumbnail camera_id="5679" path="c5679.jpg"/>
  <thumbnail camera_id="5680" path="c5680.jpg"/>
  <thumbnail camera_id="5681" path="c5681.jpg"/>
  <thumbnail camera_id="5682" path="c5682.jpg"/>
  <thumbnail camera_id="5683" path="c5683.jpg"/>
  <thumbnail camera_id="5684" path="c5684.jpg"/>
  <thumbnail camera_id="5685" path="c5685.jpg"/>
  <thumbnail camera_id="5686" path="c5686.jpg"/>
  <thumbnail camera_id="5687" path="c5687.jpg"/>
  <thumbnail camera_id="5688" path="c5688.jpg"/>
  <thumbnail camera_id="5689" path="c5689.jpg"/>
  <thumbnail camera_id="5690" path="c5690.jpg"/>
  <thumbnail camera_id="5691" path="c5691.jpg"/>
  <thumbnail camera_id="5692" path="c5692.jpg"/>
  <thumbnail camera_id="5693" path="c5693.jpg"/>
  <thumbnail camera_id="5694" path="c5694.jpg"/>
  <thumbnail camera_id="5695" path="c5695.jpg"/>
  <thumbnail camera_id="5696" path="c5696.jpg"/>
  <thumbnail camera_id="5697" path="c5697.jpg"/>
  <thumbnail camera_id="5698" path="c5698.jpg"/>
  <thumbnail camera_id="5699" path="c5699.jpg"/>
  <thumbnail camera_id="5700" path="c5700.jpg"/>
  <thumbnail camera_id="5701" path="c5701.jpg"/>
  <thumbnail camera_id="5702" path="c5702.jpg"/>
  <thumbnail camera_id="5703" path="c5703.jpg"/>
  <thumbnail camera_id="5704" path="c5704.jpg"/>
  <thumbnail camera_id="5705" path="c5705.jpg"/>
  <thumbnail camera_id="5706" path="c5706.jpg"/>
  <thumbnail camera_id="5707" path="c5707.jpg"/>
  <thumbnail camera_id="5708" path="c5708.jpg"/>
  <thumbnail camera_id="5709" path="c5709.jpg"/>
  <thumbnail camera_id="5710" path="c5710.jpg"/>
  <thumbnail camera_id="5711" path="c5711.jpg"/>
  <thumbnail camera_id="5712" path="c5712.jpg"/>
  <thumbnail camera_id="5713" path="c5713.jpg"/>
  <thumbnail camera_id="5714" path="c5714.jpg"/>
  <thumbnail camera_id="5715" path="c5715.jpg"/>
  <thumbnail camera_id="5716" path="c5716.jpg"/>
  <thumbnail camera_id="5717" path="c5717.jpg"/>
  <thumbnail camera_id="5718" path="c5718.jpg"/>
  <thumbnail camera_id="5719" path="c5719.jpg"/>
  <thumbnail camera_id="5720" path="c5720.jpg"/>
  <thumbnail camera_id="5721" path="c5721.jpg"/>
  <thumbnail camera_id="5722" path="c5722.jpg"/>
  <thumbnail camera_id="5723" path="c5723.jpg"/>
  <thumbnail camera_id="5724" path="c5724.jpg"/>
  <thumbnail camera_id="5725" path="c5725.jpg"/>
  <thumbnail camera_id="5726" path="c5726.jpg"/>
  <thumbnail camera_id="5727" path="c5727.jpg"/>
  <thumbnail camera_id="5728" path="c5728.jpg"/>
  <thumbnail camera_id="5729" path="c5729.jpg"/>
  <thumbnail camera_id="5730" path="c5730.jpg"/>
  <thumbnail camera_id="5731" path="c5731.jpg"/>
  <thumbnail camera_id="5732" path="c5732.jpg"/>
  <thumbnail camera_id="5733" path="c5733.jpg"/>
  <thumbnail camera_id="5734" path="c5734.jpg"/>
  <thumbnail camera_id="5735" path="c5735.jpg"/>
  <thumbnail camera_id="5736" path="c5736.jpg"/>
  <thumbnail camera_id="5737" path="c5737.jpg"/>
  <thumbnail camera_id="5738" path="c5738.jpg"/>
  <thumbnail camera_id="5739" path="c5739.jpg"/>
  <thumbnail camera_id="5740" path="c5740.jpg"/>
  <thumbnail camera_id="5741" path="c5741.jpg"/>
  <thumbnail camera_id="5742" path="c5742.jpg"/>
  <thumbnail camera_id="5743" path="c5743.jpg"/>
  <thumbnail camera_id="5744" path="c5744.jpg"/>
  <thumbnail camera_id="5745" path="c5745.jpg"/>
  <thumbnail camera_id="5746" path="c5746.jpg"/>
  <thumbnail camera_id="5747" path="c5747.jpg"/>
  <thumbnail camera_id="5748" path="c5748.jpg"/>
  <thumbnail camera_id="5749" path="c5749.jpg"/>
  <thumbnail camera_id="5750" path="c5750.jpg"/>
  <thumbnail camera_id="5751" path="c5751.jpg"/>
  <thumbnail camera_id="5752" path="c5752.jpg"/>
  <thumbnail camera_id="5753" path="c5753.jpg"/>
  <thumbnail camera_id="5754" path="c5754.jpg"/>
  <thumbnail camera_id="5755" path="c5755.jpg"/>
  <thumbnail camera_id="5756" path="c5756.jpg"/>
  <thumbnail camera_id="5757" path="c5757.jpg"/>
  <thumbnail camera_id="5758" path="c5758.jpg"/>
  <thumbnail camera_id="5759" path="c5759.jpg"/>
  <thumbnail camera_id="5760" path="c5760.jpg"/>
  <thumbnail camera_id="5761" path="c5761.jpg"/>
  <thumbnail camera_id="5762" path="c5762.jpg"/>
  <thumbnail camera_id="5763" path="c5763.jpg"/>
  <thumbnail camera_id="5764" path="c5764.jpg"/>
  <thumbnail camera_id="5765" path="c5765.jpg"/>
  <thumbnail camera_id="5766" path="c5766.jpg"/>
  <thumbnail camera_id="5767" path="c5767.jpg"/>
  <thumbnail camera_id="5768" path="c5768.jpg"/>
  <thumbnail camera_id="5769" path="c5769.jpg"/>
  <thumbnail camera_id="5770" path="c5770.jpg"/>
  <thumbnail camera_id="5771" path="c5771.jpg"/>
  <thumbnail camera_id="5772" path="c5772.jpg"/>
  <thumbnail camera_id="5773" path="c5773.jpg"/>
  <thumbnail camera_id="5774" path="c5774.jpg"/>
  <thumbnail camera_id="5775" path="c5775.jpg"/>
  <thumbnail camera_id="5776" path="c5776.jpg"/>
  <thumbnail camera_id="5777" path="c5777.jpg"/>
  <thumbnail camera_id="5778" path="c5778.jpg"/>
  <thumbnail camera_id="5779" path="c5779.jpg"/>
  <thumbnail camera_id="5780" path="c5780.jpg"/>
  <thumbnail camera_id="5781" path="c5781.jpg"/>
  <thumbnail camera_id="5782" path="c5782.jpg"/>
  <thumbnail camera_id="5783" path="c5783.jpg"/>
  <thumbnail camera_id="5784" path="c5784.jpg"/>
  <thumbnail camera_id="5785" path="c5785.jpg"/>
  <thumbnail camera_id="5786" path="c5786.jpg"/>
  <thumbnail camera_id="5787" path="c5787.jpg"/>
  <thumbnail camera_id="5788" path="c5788.jpg"/>
  <thumbnail camera_id="5789" path="c5789.jpg"/>
  <thumbnail camera_id="5790" path="c5790.jpg"/>
  <thumbnail camera_id="5791" path="c5791.jpg"/>
  <thumbnail camera_id="5792" path="c5792.jpg"/>
  <thumbnail camera_id="5793" path="c5793.jpg"/>
  <thumbnail camera_id="5794" path="c5794.jpg"/>
  <thumbnail camera_id="5795" path="c5795.jpg"/>
  <thumbnail camera_id="5796" path="c5796.jpg"/>
  <thumbnail camera_id="5797" path="c5797.jpg"/>
  <thumbnail camera_id="5798" path="c5798.jpg"/>
  <thumbnail camera_id="5799" path="c5799.jpg"/>
  <thumbnail camera_id="5800" path="c5800.jpg"/>
  <thumbnail camera_id="5801" path="c5801.jpg"/>
  <thumbnail camera_id="5802" path="c5802.jpg"/>
  <thumbnail camera_id="5803" path="c5803.jpg"/>
  <thumbnail camera_id="5804" path="c5804.jpg"/>
  <thumbnail camera_id="5805" path="c5805.jpg"/>
  <thumbnail camera_id="5806" path="c5806.jpg"/>
  <thumbnail camera_id="5807" path="c5807.jpg"/>
  <thumbnail camera_id="5808" path="c5808.jpg"/>
  <thumbnail camera_id="5809" path="c5809.jpg"/>
  <thumbnail camera_id="5810" path="c5810.jpg"/>
  <thumbnail camera_id="5811" path="c5811.jpg"/>
  <thumbnail camera_id="5812" path="c5812.jpg"/>
  <thumbnail camera_id="5813" path="c5813.jpg"/>
  <thumbnail camera_id="5814" path="c5814.jpg"/>
  <thumbnail camera_id="5815" path="c5815.jpg"/>
  <thumbnail camera_id="5816" path="c5816.jpg"/>
  <thumbnail camera_id="5817" path="c5817.jpg"/>
  <thumbnail camera_id="5818" path="c5818.jpg"/>
  <thumbnail camera_id="5819" path="c5819.jpg"/>
  <thumbnail camera_id="5820" path="c5820.jpg"/>
  <thumbnail camera_id="5821" path="c5821.jpg"/>
  <thumbnail camera_id="5822" path="c5822.jpg"/>
  <thumbnail camera_id="5823" path="c5823.jpg"/>
  <thumbnail camera_id="5824" path="c5824.jpg"/>
  <thumbnail camera_id="5825" path="c5825.jpg"/>
  <thumbnail camera_id="5826" path="c5826.jpg"/>
  <thumbnail camera_id="5827" path="c5827.jpg"/>
  <thumbnail camera_id="5828" path="c5828.jpg"/>
  <thumbnail camera_id="5829" path="c5829.jpg"/>
  <thumbnail camera_id="5830" path="c5830.jpg"/>
  <thumbnail camera_id="5831" path="c5831.jpg"/>
  <thumbnail camera_id="5832" path="c5832.jpg"/>
  <thumbnail camera_id="5833" path="c5833.jpg"/>
  <thumbnail camera_id="5834" path="c5834.jpg"/>
  <thumbnail camera_id="5835" path="c5835.jpg"/>
  <thumbnail camera_id="5836" path="c5836.jpg"/>
  <thumbnail camera_id="5837" path="c5837.jpg"/>
  <thumbnail camera_id="5838" path="c5838.jpg"/>
  <thumbnail camera_id="5839" path="c5839.jpg"/>
  <thumbnail camera_id="5840" path="c5840.jpg"/>
  <thumbnail camera_id="5841" path="c5841.jpg"/>
  <thumbnail camera_id="5842" path="c5842.jpg"/>
  <thumbnail camera_id="5843" path="c5843.jpg"/>
  <thumbnail camera_id="5844" path="c5844.jpg"/>
  <thumbnail camera_id="5845" path="c5845.jpg"/>
  <thumbnail camera_id="5846" path="c5846.jpg"/>
  <thumbnail camera_id="5847" path="c5847.jpg"/>
  <thumbnail camera_id="5848" path="c5848.jpg"/>
  <thumbnail camera_id="5849" path="c5849.jpg"/>
  <thumbnail camera_id="5850" path="c5850.jpg"/>
  <thumbnail camera_id="5851" path="c5851.jpg"/>
  <thumbnail camera_id="5852" path="c5852.jpg"/>
  <thumbnail camera_id="5853" path="c5853.jpg"/>
  <thumbnail camera_id="5854" path="c5854.jpg"/>
  <thumbnail camera_id="5855" path="c5855.jpg"/>
  <thumbnail camera_id="5856" path="c5856.jpg"/>
  <thumbnail camera_id="5857" path="c5857.jpg"/>
  <thumbnail camera_id="5858" path="c5858.jpg"/>
  <thumbnail camera_id="5859" path="c5859.jpg"/>
  <thumbnail camera_id="5860" path="c5860.jpg"/>
  <thumbnail camera_id="5861" path="c5861.jpg"/>
  <thumbnail camera_id="5862" path="c5862.jpg"/>
  <thumbnail camera_id="5863" path="c5863.jpg"/>
  <thumbnail camera_id="5864" path="c5864.jpg"/>
  <thumbnail camera_id="5865" path="c5865.jpg"/>
  <thumbnail camera_id="5866" path="c5866.jpg"/>
  <thumbnail camera_id="5867" path="c5867.jpg"/>
  <thumbnail camera_id="5868" path="c5868.jpg"/>
  <thumbnail camera_id="5869" path="c5869.jpg"/>
  <thumbnail camera_id="5870" path="c5870.jpg"/>
  <thumbnail camera_id="5871" path="c5871.jpg"/>
  <thumbnail camera_id="5872" path="c5872.jpg"/>
  <thumbnail camera_id="5873" path="c5873.jpg"/>
  <thumbnail camera_id="5874" path="c5874.jpg"/>
  <thumbnail camera_id="5875" path="c5875.jpg"/>
  <thumbnail camera_id="5876" path="c5876.jpg"/>
  <thumbnail camera_id="5877" path="c5877.jpg"/>
  <thumbnail camera_id="5878" path="c5878.jpg"/>
  <thumbnail camera_id="5879" path="c5879.jpg"/>
  <thumbnail camera_id="5880" path="c5880.jpg"/>
  <thumbnail camera_id="5881" path="c5881.jpg"/>
  <thumbnail camera_id="5882" path="c5882.jpg"/>
  <thumbnail camera_id="5883" path="c5883.jpg"/>
  <thumbnail camera_id="5884" path="c5884.jpg"/>
  <thumbnail camera_id="5885" path="c5885.jpg"/>
  <thumbnail camera_id="5886" path="c5886.jpg"/>
  <thumbnail camera_id="5887" path="c5887.jpg"/>
  <thumbnail camera_id="5888" path="c5888.jpg"/>
  <thumbnail camera_id="5889" path="c5889.jpg"/>
  <thumbnail camera_id="5890" path="c5890.jpg"/>
  <thumbnail camera_id="5891" path="c5891.jpg"/>
  <thumbnail camera_id="5892" path="c5892.jpg"/>
  <thumbnail camera_id="5893" path="c5893.jpg"/>
  <thumbnail camera_id="5894" path="c5894.jpg"/>
  <thumbnail camera_id="5895" path="c5895.jpg"/>
  <thumbnail camera_id="5896" path="c5896.jpg"/>
  <thumbnail camera_id="5897" path="c5897.jpg"/>
  <thumbnail camera_id="5898" path="c5898.jpg"/>
  <thumbnail camera_id="5899" path="c5899.jpg"/>
  <thumbnail camera_id="5900" path="c5900.jpg"/>
  <thumbnail camera_id="5901" path="c5901.jpg"/>
  <thumbnail camera_id="5902" path="c5902.jpg"/>
  <thumbnail camera_id="5903" path="c5903.jpg"/>
  <thumbnail camera_id="5904" path="c5904.jpg"/>
  <thumbnail camera_id="5905" path="c5905.jpg"/>
  <thumbnail camera_id="5906" path="c5906.jpg"/>
  <thumbnail camera_id="5907" path="c5907.jpg"/>
  <thumbnail camera_id="5908" path="c5908.jpg"/>
  <thumbnail camera_id="5909" path="c5909.jpg"/>
  <thumbnail camera_id="5910" path="c5910.jpg"/>
  <thumbnail camera_id="5911" path="c5911.jpg"/>
  <thumbnail camera_id="5912" path="c5912.jpg"/>
  <thumbnail camera_id="5913" path="c5913.jpg"/>
  <thumbnail camera_id="5914" path="c5914.jpg"/>
  <thumbnail camera_id="5915" path="c5915.jpg"/>
  <thumbnail camera_id="5916" path="c5916.jpg"/>
  <thumbnail camera_id="5917" path="c5917.jpg"/>
  <thumbnail camera_id="5918" path="c5918.jpg"/>
  <thumbnail camera_id="5919" path="c5919.jpg"/>
  <thumbnail camera_id="5920" path="c5920.jpg"/>
  <thumbnail camera_id="5921" path="c5921.jpg"/>
  <thumbnail camera_id="5922" path="c5922.jpg"/>
  <thumbnail camera_id="5923" path="c5923.jpg"/>
  <thumbnail camera_id="5924" path="c5924.jpg"/>
  <thumbnail camera_id="5925" path="c5925.jpg"/>
  <thumbnail camera_id="5926" path="c5926.jpg"/>
  <thumbnail camera_id="5927" path="c5927.jpg"/>
  <thumbnail camera_id="5928" path="c5928.jpg"/>
  <thumbnail camera_id="5929" path="c5929.jpg"/>
  <thumbnail camera_id="5930" path="c5930.jpg"/>
  <thumbnail camera_id="5931" path="c5931.jpg"/>
  <thumbnail camera_id="5932" path="c5932.jpg"/>
  <thumbnail camera_id="5933" path="c5933.jpg"/>
  <thumbnail camera_id="5934" path="c5934.jpg"/>
  <thumbnail camera_id="5935" path="c5935.jpg"/>
  <thumbnail camera_id="5936" path="c5936.jpg"/>
  <thumbnail camera_id="5937" path="c5937.jpg"/>
  <thumbnail camera_id="5938" path="c5938.jpg"/>
  <thumbnail camera_id="5939" path="c5939.jpg"/>
  <thumbnail camera_id="5940" path="c5940.jpg"/>
  <thumbnail camera_id="5941" path="c5941.jpg"/>
  <thumbnail camera_id="5942" path="c5942.jpg"/>
  <thumbnail camera_id="5943" path="c5943.jpg"/>
  <thumbnail camera_id="5944" path="c5944.jpg"/>
  <thumbnail camera_id="5945" path="c5945.jpg"/>
  <thumbnail camera_id="5946" path="c5946.jpg"/>
  <thumbnail camera_id="5947" path="c5947.jpg"/>
  <thumbnail camera_id="5948" path="c5948.jpg"/>
  <thumbnail camera_id="5949" path="c5949.jpg"/>
  <thumbnail camera_id="5950" path="c5950.jpg"/>
  <thumbnail camera_id="5951" path="c5951.jpg"/>
  <thumbnail camera_id="5952" path="c5952.jpg"/>
  <thumbnail camera_id="5953" path="c5953.jpg"/>
  <thumbnail camera_id="5954" path="c5954.jpg"/>
  <thumbnail camera_id="5955" path="c5955.jpg"/>
  <thumbnail camera_id="5956" path="c5956.jpg"/>
  <thumbnail camera_id="5957" path="c5957.jpg"/>
  <thumbnail camera_id="5958" path="c5958.jpg"/>
  <thumbnail camera_id="5959" path="c5959.jpg"/>
  <thumbnail camera_id="5960" path="c5960.jpg"/>
  <thumbnail camera_id="5961" path="c5961.jpg"/>
  <thumbnail camera_id="5962" path="c5962.jpg"/>
  <thumbnail camera_id="5963" path="c5963.jpg"/>
  <thumbnail camera_id="5964" path="c5964.jpg"/>
  <thumbnail camera_id="5965" path="c5965.jpg"/>
  <thumbnail camera_id="5966" path="c5966.jpg"/>
  <thumbnail camera_id="5967" path="c5967.jpg"/>
  <thumbnail camera_id="5968" path="c5968.jpg"/>
  <thumbnail camera_id="5969" path="c5969.jpg"/>
  <thumbnail camera_id="5970" path="c5970.jpg"/>
  <thumbnail camera_id="5971" path="c5971.jpg"/>
  <thumbnail camera_id="5972" path="c5972.jpg"/>
  <thumbnail camera_id="5973" path="c5973.jpg"/>
  <thumbnail camera_id="5974" path="c5974.jpg"/>
  <thumbnail camera_id="5975" path="c5975.jpg"/>
  <thumbnail camera_id="5976" path="c5976.jpg"/>
  <thumbnail camera_id="5977" path="c5977.jpg"/>
  <thumbnail camera_id="5978" path="c5978.jpg"/>
  <thumbnail camera_id="5979" path="c5979.jpg"/>
  <thumbnail camera_id="5980" path="c5980.jpg"/>
  <thumbnail camera_id="5981" path="c5981.jpg"/>
  <thumbnail camera_id="5982" path="c5982.jpg"/>
  <thumbnail camera_id="5983" path="c5983.jpg"/>
  <thumbnail camera_id="5984" path="c5984.jpg"/>
  <thumbnail camera_id="5985" path="c5985.jpg"/>
  <thumbnail camera_id="5986" path="c5986.jpg"/>
  <thumbnail camera_id="5987" path="c5987.jpg"/>
  <thumbnail camera_id="5988" path="c5988.jpg"/>
  <thumbnail camera_id="5989" path="c5989.jpg"/>
  <thumbnail camera_id="5990" path="c5990.jpg"/>
  <thumbnail camera_id="5991" path="c5991.jpg"/>
  <thumbnail camera_id="5992" path="c5992.jpg"/>
  <thumbnail camera_id="5993" path="c5993.jpg"/>
  <thumbnail camera_id="5994" path="c5994.jpg"/>
  <thumbnail camera_id="5995" path="c5995.jpg"/>
  <thumbnail camera_id="5996" path="c5996.jpg"/>
  <thumbnail camera_id="5997" path="c5997.jpg"/>
  <thumbnail camera_id="5998" path="c5998.jpg"/>
  <thumbnail camera_id="5999" path="c5999.jpg"/>
  <thumbnail camera_id="6000" path="c6000.jpg"/>
  <thumbnail camera_id="6001" path="c6001.jpg"/>
  <thumbnail camera_id="6002" path="c6002.jpg"/>
  <thumbnail camera_id="6003" path="c6003.jpg"/>
  <thumbnail camera_id="6004" path="c6004.jpg"/>
  <thumbnail camera_id="6005" path="c6005.jpg"/>
  <thumbnail camera_id="6006" path="c6006.jpg"/>
  <thumbnail camera_id="6007" path="c6007.jpg"/>
  <thumbnail camera_id="6008" path="c6008.jpg"/>
  <thumbnail camera_id="6009" path="c6009.jpg"/>
  <thumbnail camera_id="6010" path="c6010.jpg"/>
  <thumbnail camera_id="6011" path="c6011.jpg"/>
  <thumbnail camera_id="6012" path="c6012.jpg"/>
  <thumbnail camera_id="6013" path="c6013.jpg"/>
  <thumbnail camera_id="6014" path="c6014.jpg"/>
  <thumbnail camera_id="6015" path="c6015.jpg"/>
  <thumbnail camera_id="6016" path="c6016.jpg"/>
  <thumbnail camera_id="6017" path="c6017.jpg"/>
  <thumbnail camera_id="6018" path="c6018.jpg"/>
  <thumbnail camera_id="6019" path="c6019.jpg"/>
  <thumbnail camera_id="6020" path="c6020.jpg"/>
  <thumbnail camera_id="6021" path="c6021.jpg"/>
  <thumbnail camera_id="6022" path="c6022.jpg"/>
  <thumbnail camera_id="6023" path="c6023.jpg"/>
  <thumbnail camera_id="6024" path="c6024.jpg"/>
  <thumbnail camera_id="6025" path="c6025.jpg"/>
  <thumbnail camera_id="6026" path="c6026.jpg"/>
  <thumbnail camera_id="6027" path="c6027.jpg"/>
  <thumbnail camera_id="6028" path="c6028.jpg"/>
  <thumbnail camera_id="6029" path="c6029.jpg"/>
  <thumbnail camera_id="6030" path="c6030.jpg"/>
  <thumbnail camera_id="6031" path="c6031.jpg"/>
  <thumbnail camera_id="6032" path="c6032.jpg"/>
  <thumbnail camera_id="6033" path="c6033.jpg"/>
  <thumbnail camera_id="6034" path="c6034.jpg"/>
  <thumbnail camera_id="6035" path="c6035.jpg"/>
  <thumbnail camera_id="6036" path="c6036.jpg"/>
  <thumbnail camera_id="6037" path="c6037.jpg"/>
  <thumbnail camera_id="6038" path="c6038.jpg"/>
  <thumbnail camera_id="6039" path="c6039.jpg"/>
  <thumbnail camera_id="6040" path="c6040.jpg"/>
  <thumbnail camera_id="6041" path="c6041.jpg"/>
  <thumbnail camera_id="6042" path="c6042.jpg"/>
  <thumbnail camera_id="6043" path="c6043.jpg"/>
  <thumbnail camera_id="6044" path="c6044.jpg"/>
  <thumbnail camera_id="6045" path="c6045.jpg"/>
  <thumbnail camera_id="6046" path="c6046.jpg"/>
  <thumbnail camera_id="6047" path="c6047.jpg"/>
  <thumbnail camera_id="6048" path="c6048.jpg"/>
  <thumbnail camera_id="6049" path="c6049.jpg"/>
  <thumbnail camera_id="6050" path="c6050.jpg"/>
  <thumbnail camera_id="6051" path="c6051.jpg"/>
  <thumbnail camera_id="6052" path="c6052.jpg"/>
  <thumbnail camera_id="6053" path="c6053.jpg"/>
  <thumbnail camera_id="6054" path="c6054.jpg"/>
  <thumbnail camera_id="6055" path="c6055.jpg"/>
  <thumbnail camera_id="6056" path="c6056.jpg"/>
  <thumbnail camera_id="6057" path="c6057.jpg"/>
  <thumbnail camera_id="6058" path="c6058.jpg"/>
  <thumbnail camera_id="6059" path="c6059.jpg"/>
  <thumbnail camera_id="6060" path="c6060.jpg"/>
  <thumbnail camera_id="6061" path="c6061.jpg"/>
  <thumbnail camera_id="6062" path="c6062.jpg"/>
  <thumbnail camera_id="6063" path="c6063.jpg"/>
  <thumbnail camera_id="6064" path="c6064.jpg"/>
  <thumbnail camera_id="6065" path="c6065.jpg"/>
  <thumbnail camera_id="6066" path="c6066.jpg"/>
  <thumbnail camera_id="6067" path="c6067.jpg"/>
  <thumbnail camera_id="6068" path="c6068.jpg"/>
  <thumbnail camera_id="6069" path="c6069.jpg"/>
  <thumbnail camera_id="6070" path="c6070.jpg"/>
  <thumbnail camera_id="6071" path="c6071.jpg"/>
  <thumbnail camera_id="6072" path="c6072.jpg"/>
  <thumbnail camera_id="6073" path="c6073.jpg"/>
  <thumbnail camera_id="6074" path="c6074.jpg"/>
  <thumbnail camera_id="6075" path="c6075.jpg"/>
  <thumbnail camera_id="6076" path="c6076.jpg"/>
  <thumbnail camera_id="6077" path="c6077.jpg"/>
  <thumbnail camera_id="6078" path="c6078.jpg"/>
  <thumbnail camera_id="6079" path="c6079.jpg"/>
  <thumbnail camera_id="6080" path="c6080.jpg"/>
  <thumbnail camera_id="6081" path="c6081.jpg"/>
  <thumbnail camera_id="6082" path="c6082.jpg"/>
  <thumbnail camera_id="6083" path="c6083.jpg"/>
  <thumbnail camera_id="6084" path="c6084.jpg"/>
  <thumbnail camera_id="6085" path="c6085.jpg"/>
  <thumbnail camera_id="6086" path="c6086.jpg"/>
  <thumbnail camera_id="6087" path="c6087.jpg"/>
  <thumbnail camera_id="6088" path="c6088.jpg"/>
  <thumbnail camera_id="6089" path="c6089.jpg"/>
  <thumbnail camera_id="6090" path="c6090.jpg"/>
  <thumbnail camera_id="6091" path="c6091.jpg"/>
  <thumbnail camera_id="6092" path="c6092.jpg"/>
  <thumbnail camera_id="6093" path="c6093.jpg"/>
  <thumbnail camera_id="6094" path="c6094.jpg"/>
  <thumbnail camera_id="6095" path="c6095.jpg"/>
  <thumbnail camera_id="6096" path="c6096.jpg"/>
  <thumbnail camera_id="6097" path="c6097.jpg"/>
  <thumbnail camera_id="6098" path="c6098.jpg"/>
  <thumbnail camera_id="6099" path="c6099.jpg"/>
  <thumbnail camera_id="6100" path="c6100.jpg"/>
  <thumbnail camera_id="6101" path="c6101.jpg"/>
  <thumbnail camera_id="6102" path="c6102.jpg"/>
  <thumbnail camera_id="6103" path="c6103.jpg"/>
  <thumbnail camera_id="6104" path="c6104.jpg"/>
  <thumbnail camera_id="6105" path="c6105.jpg"/>
  <thumbnail camera_id="6106" path="c6106.jpg"/>
  <thumbnail camera_id="6107" path="c6107.jpg"/>
  <thumbnail camera_id="6108" path="c6108.jpg"/>
  <thumbnail camera_id="6109" path="c6109.jpg"/>
  <thumbnail camera_id="6110" path="c6110.jpg"/>
  <thumbnail camera_id="6111" path="c6111.jpg"/>
  <thumbnail camera_id="6112" path="c6112.jpg"/>
  <thumbnail camera_id="6113" path="c6113.jpg"/>
  <thumbnail camera_id="6114" path="c6114.jpg"/>
  <thumbnail camera_id="6115" path="c6115.jpg"/>
  <thumbnail camera_id="6116" path="c6116.jpg"/>
  <thumbnail camera_id="6117" path="c6117.jpg"/>
  <thumbnail camera_id="6118" path="c6118.jpg"/>
  <thumbnail camera_id="6119" path="c6119.jpg"/>
  <thumbnail camera_id="6120" path="c6120.jpg"/>
  <thumbnail camera_id="6121" path="c6121.jpg"/>
  <thumbnail camera_id="6122" path="c6122.jpg"/>
  <thumbnail camera_id="6123" path="c6123.jpg"/>
  <thumbnail camera_id="6124" path="c6124.jpg"/>
  <thumbnail camera_id="6125" path="c6125.jpg"/>
  <thumbnail camera_id="6126" path="c6126.jpg"/>
  <thumbnail camera_id="6127" path="c6127.jpg"/>
  <thumbnail camera_id="6128" path="c6128.jpg"/>
  <thumbnail camera_id="6129" path="c6129.jpg"/>
  <thumbnail camera_id="6130" path="c6130.jpg"/>
  <thumbnail camera_id="6131" path="c6131.jpg"/>
  <thumbnail camera_id="6132" path="c6132.jpg"/>
  <thumbnail camera_id="6133" path="c6133.jpg"/>
  <thumbnail camera_id="6134" path="c6134.jpg"/>
  <thumbnail camera_id="6135" path="c6135.jpg"/>
  <thumbnail camera_id="6136" path="c6136.jpg"/>
  <thumbnail camera_id="6137" path="c6137.jpg"/>
  <thumbnail camera_id="6138" path="c6138.jpg"/>
  <thumbnail camera_id="6139" path="c6139.jpg"/>
  <thumbnail camera_id="6140" path="c6140.jpg"/>
  <thumbnail camera_id="6141" path="c6141.jpg"/>
  <thumbnail camera_id="6142" path="c6142.jpg"/>
  <thumbnail camera_id="6143" path="c6143.jpg"/>
  <thumbnail camera_id="6144" path="c6144.jpg"/>
  <thumbnail camera_id="6145" path="c6145.jpg"/>
  <thumbnail camera_id="6146" path="c6146.jpg"/>
  <thumbnail camera_id="6147" path="c6147.jpg"/>
  <thumbnail camera_id="6148" path="c6148.jpg"/>
  <thumbnail camera_id="6149" path="c6149.jpg"/>
  <thumbnail camera_id="6150" path="c6150.jpg"/>
  <thumbnail camera_id="6151" path="c6151.jpg"/>
  <thumbnail camera_id="6152" path="c6152.jpg"/>
  <thumbnail camera_id="6153" path="c6153.jpg"/>
  <thumbnail camera_id="6154" path="c6154.jpg"/>
  <thumbnail camera_id="6155" path="c6155.jpg"/>
  <thumbnail camera_id="6156" path="c6156.jpg"/>
  <thumbnail camera_id="6157" path="c6157.jpg"/>
  <thumbnail camera_id="6158" path="c6158.jpg"/>
  <thumbnail camera_id="6159" path="c6159.jpg"/>
  <thumbnail camera_id="6160" path="c6160.jpg"/>
  <thumbnail camera_id="6161" path="c6161.jpg"/>
  <thumbnail camera_id="6162" path="c6162.jpg"/>
  <thumbnail camera_id="6163" path="c6163.jpg"/>
  <thumbnail camera_id="6164" path="c6164.jpg"/>
  <thumbnail camera_id="6165" path="c6165.jpg"/>
  <thumbnail camera_id="6166" path="c6166.jpg"/>
  <thumbnail camera_id="6167" path="c6167.jpg"/>
  <thumbnail camera_id="6168" path="c6168.jpg"/>
  <thumbnail camera_id="6169" path="c6169.jpg"/>
  <thumbnail camera_id="6170" path="c6170.jpg"/>
  <thumbnail camera_id="6171" path="c6171.jpg"/>
  <thumbnail camera_id="6172" path="c6172.jpg"/>
  <thumbnail camera_id="6173" path="c6173.jpg"/>
  <thumbnail camera_id="6174" path="c6174.jpg"/>
  <thumbnail camera_id="6175" path="c6175.jpg"/>
  <thumbnail camera_id="6176" path="c6176.jpg"/>
  <thumbnail camera_id="6177" path="c6177.jpg"/>
  <thumbnail camera_id="6178" path="c6178.jpg"/>
  <thumbnail camera_id="6179" path="c6179.jpg"/>
  <thumbnail camera_id="6180" path="c6180.jpg"/>
  <thumbnail camera_id="6181" path="c6181.jpg"/>
  <thumbnail camera_id="6182" path="c6182.jpg"/>
  <thumbnail camera_id="6183" path="c6183.jpg"/>
  <thumbnail camera_id="6184" path="c6184.jpg"/>
  <thumbnail camera_id="6185" path="c6185.jpg"/>
  <thumbnail camera_id="6186" path="c6186.jpg"/>
  <thumbnail camera_id="6187" path="c6187.jpg"/>
  <thumbnail camera_id="6188" path="c6188.jpg"/>
  <thumbnail camera_id="6189" path="c6189.jpg"/>
  <thumbnail camera_id="6190" path="c6190.jpg"/>
  <thumbnail camera_id="6191" path="c6191.jpg"/>
  <thumbnail camera_id="6192" path="c6192.jpg"/>
  <thumbnail camera_id="6193" path="c6193.jpg"/>
  <thumbnail camera_id="6194" path="c6194.jpg"/>
  <thumbnail camera_id="6195" path="c6195.jpg"/>
  <thumbnail camera_id="6196" path="c6196.jpg"/>
  <thumbnail camera_id="6197" path="c6197.jpg"/>
  <thumbnail camera_id="6198" path="c6198.jpg"/>
  <thumbnail camera_id="6199" path="c6199.jpg"/>
  <thumbnail camera_id="6200" path="c6200.jpg"/>
  <thumbnail camera_id="6201" path="c6201.jpg"/>
  <thumbnail camera_id="6202" path="c6202.jpg"/>
  <thumbnail camera_id="6203" path="c6203.jpg"/>
  <thumbnail camera_id="6204" path="c6204.jpg"/>
  <thumbnail camera_id="6205" path="c6205.jpg"/>
  <thumbnail camera_id="6206" path="c6206.jpg"/>
  <thumbnail camera_id="6207" path="c6207.jpg"/>
  <thumbnail camera_id="6208" path="c6208.jpg"/>
  <thumbnail camera_id="6209" path="c6209.jpg"/>
  <thumbnail camera_id="6210" path="c6210.jpg"/>
  <thumbnail camera_id="6211" path="c6211.jpg"/>
  <thumbnail camera_id="6212" path="c6212.jpg"/>
  <thumbnail camera_id="6213" path="c6213.jpg"/>
  <thumbnail camera_id="6214" path="c6214.jpg"/>
  <thumbnail camera_id="6215" path="c6215.jpg"/>
  <thumbnail camera_id="6216" path="c6216.jpg"/>
  <thumbnail camera_id="6217" path="c6217.jpg"/>
  <thumbnail camera_id="6218" path="c6218.jpg"/>
  <thumbnail camera_id="6219" path="c6219.jpg"/>
  <thumbnail camera_id="6220" path="c6220.jpg"/>
  <thumbnail camera_id="6221" path="c6221.jpg"/>
  <thumbnail camera_id="6222" path="c6222.jpg"/>
  <thumbnail camera_id="6223" path="c6223.jpg"/>
  <thumbnail camera_id="6224" path="c6224.jpg"/>
  <thumbnail camera_id="6225" path="c6225.jpg"/>
  <thumbnail camera_id="6226" path="c6226.jpg"/>
  <thumbnail camera_id="6227" path="c6227.jpg"/>
  <thumbnail camera_id="6228" path="c6228.jpg"/>
  <thumbnail camera_id="6229" path="c6229.jpg"/>
  <thumbnail camera_id="6230" path="c6230.jpg"/>
  <thumbnail camera_id="6231" path="c6231.jpg"/>
  <thumbnail camera_id="6232" path="c6232.jpg"/>
  <thumbnail camera_id="6233" path="c6233.jpg"/>
  <thumbnail camera_id="6234" path="c6234.jpg"/>
  <thumbnail camera_id="6235" path="c6235.jpg"/>
  <thumbnail camera_id="6236" path="c6236.jpg"/>
  <thumbnail camera_id="6237" path="c6237.jpg"/>
  <thumbnail camera_id="6238" path="c6238.jpg"/>
  <thumbnail camera_id="6239" path="c6239.jpg"/>
  <thumbnail camera_id="6240" path="c6240.jpg"/>
  <thumbnail camera_id="6241" path="c6241.jpg"/>
  <thumbnail camera_id="6242" path="c6242.jpg"/>
  <thumbnail camera_id="6243" path="c6243.jpg"/>
  <thumbnail camera_id="6244" path="c6244.jpg"/>
  <thumbnail camera_id="6245" path="c6245.jpg"/>
  <thumbnail camera_id="6246" path="c6246.jpg"/>
  <thumbnail camera_id="6247" path="c6247.jpg"/>
  <thumbnail camera_id="6248" path="c6248.jpg"/>
  <thumbnail camera_id="6249" path="c6249.jpg"/>
  <thumbnail camera_id="6250" path="c6250.jpg"/>
  <thumbnail camera_id="6251" path="c6251.jpg"/>
  <thumbnail camera_id="6252" path="c6252.jpg"/>
  <thumbnail camera_id="6253" path="c6253.jpg"/>
  <thumbnail camera_id="6254" path="c6254.jpg"/>
  <thumbnail camera_id="6255" path="c6255.jpg"/>
  <thumbnail camera_id="6256" path="c6256.jpg"/>
  <thumbnail camera_id="6257" path="c6257.jpg"/>
  <thumbnail camera_id="6258" path="c6258.jpg"/>
  <thumbnail camera_id="6259" path="c6259.jpg"/>
  <thumbnail camera_id="6260" path="c6260.jpg"/>
  <thumbnail camera_id="6261" path="c6261.jpg"/>
  <thumbnail camera_id="6262" path="c6262.jpg"/>
  <thumbnail camera_id="6263" path="c6263.jpg"/>
  <thumbnail camera_id="6264" path="c6264.jpg"/>
  <thumbnail camera_id="6265" path="c6265.jpg"/>
  <thumbnail camera_id="6266" path="c6266.jpg"/>
  <thumbnail camera_id="6267" path="c6267.jpg"/>
  <thumbnail camera_id="6268" path="c6268.jpg"/>
  <thumbnail camera_id="6269" path="c6269.jpg"/>
  <thumbnail camera_id="6270" path="c6270.jpg"/>
  <thumbnail camera_id="6271" path="c6271.jpg"/>
  <thumbnail camera_id="6272" path="c6272.jpg"/>
  <thumbnail camera_id="6273" path="c6273.jpg"/>
  <thumbnail camera_id="6274" path="c6274.jpg"/>
  <thumbnail camera_id="6275" path="c6275.jpg"/>
  <thumbnail camera_id="6276" path="c6276.jpg"/>
  <thumbnail camera_id="6277" path="c6277.jpg"/>
  <thumbnail camera_id="6278" path="c6278.jpg"/>
  <thumbnail camera_id="6279" path="c6279.jpg"/>
  <thumbnail camera_id="6280" path="c6280.jpg"/>
  <thumbnail camera_id="6281" path="c6281.jpg"/>
  <thumbnail camera_id="6282" path="c6282.jpg"/>
  <thumbnail camera_id="6283" path="c6283.jpg"/>
  <thumbnail camera_id="6284" path="c6284.jpg"/>
  <thumbnail camera_id="6285" path="c6285.jpg"/>
  <thumbnail camera_id="6286" path="c6286.jpg"/>
  <thumbnail camera_id="6287" path="c6287.jpg"/>
  <thumbnail camera_id="6288" path="c6288.jpg"/>
  <thumbnail camera_id="6289" path="c6289.jpg"/>
  <thumbnail camera_id="6290" path="c6290.jpg"/>
  <thumbnail camera_id="6291" path="c6291.jpg"/>
  <thumbnail camera_id="6292" path="c6292.jpg"/>
  <thumbnail camera_id="6293" path="c6293.jpg"/>
  <thumbnail camera_id="6294" path="c6294.jpg"/>
  <thumbnail camera_id="6295" path="c6295.jpg"/>
  <thumbnail camera_id="6296" path="c6296.jpg"/>
  <thumbnail camera_id="6297" path="c6297.jpg"/>
  <thumbnail camera_id="6298" path="c6298.jpg"/>
  <thumbnail camera_id="6299" path="c6299.jpg"/>
  <thumbnail camera_id="6300" path="c6300.jpg"/>
  <thumbnail camera_id="6301" path="c6301.jpg"/>
  <thumbnail camera_id="6302" path="c6302.jpg"/>
  <thumbnail camera_id="6303" path="c6303.jpg"/>
  <thumbnail camera_id="6304" path="c6304.jpg"/>
  <thumbnail camera_id="6305" path="c6305.jpg"/>
  <thumbnail camera_id="6306" path="c6306.jpg"/>
  <thumbnail camera_id="6307" path="c6307.jpg"/>
  <thumbnail camera_id="6308" path="c6308.jpg"/>
  <thumbnail camera_id="6309" path="c6309.jpg"/>
  <thumbnail camera_id="6310" path="c6310.jpg"/>
  <thumbnail camera_id="6311" path="c6311.jpg"/>
  <thumbnail camera_id="6312" path="c6312.jpg"/>
  <thumbnail camera_id="6313" path="c6313.jpg"/>
  <thumbnail camera_id="6314" path="c6314.jpg"/>
  <thumbnail camera_id="6315" path="c6315.jpg"/>
  <thumbnail camera_id="6316" path="c6316.jpg"/>
  <thumbnail camera_id="6317" path="c6317.jpg"/>
  <thumbnail camera_id="6318" path="c6318.jpg"/>
  <thumbnail camera_id="6319" path="c6319.jpg"/>
  <thumbnail camera_id="6320" path="c6320.jpg"/>
  <thumbnail camera_id="6321" path="c6321.jpg"/>
  <thumbnail camera_id="6322" path="c6322.jpg"/>
  <thumbnail camera_id="6323" path="c6323.jpg"/>
  <thumbnail camera_id="6324" path="c6324.jpg"/>
  <thumbnail camera_id="6325" path="c6325.jpg"/>
  <thumbnail camera_id="6326" path="c6326.jpg"/>
  <thumbnail camera_id="6327" path="c6327.jpg"/>
  <thumbnail camera_id="6328" path="c6328.jpg"/>
  <thumbnail camera_id="6329" path="c6329.jpg"/>
  <thumbnail camera_id="6330" path="c6330.jpg"/>
  <thumbnail camera_id="6331" path="c6331.jpg"/>
  <thumbnail camera_id="6332" path="c6332.jpg"/>
  <thumbnail camera_id="6333" path="c6333.jpg"/>
  <thumbnail camera_id="6334" path="c6334.jpg"/>
  <thumbnail camera_id="6335" path="c6335.jpg"/>
  <thumbnail camera_id="6336" path="c6336.jpg"/>
  <thumbnail camera_id="6337" path="c6337.jpg"/>
  <thumbnail camera_id="6338" path="c6338.jpg"/>
  <thumbnail camera_id="6339" path="c6339.jpg"/>
  <thumbnail camera_id="6340" path="c6340.jpg"/>
  <thumbnail camera_id="6341" path="c6341.jpg"/>
  <thumbnail camera_id="6342" path="c6342.jpg"/>
  <thumbnail camera_id="6343" path="c6343.jpg"/>
  <thumbnail camera_id="6344" path="c6344.jpg"/>
  <thumbnail camera_id="6345" path="c6345.jpg"/>
  <thumbnail camera_id="6346" path="c6346.jpg"/>
  <thumbnail camera_id="6347" path="c6347.jpg"/>
  <thumbnail camera_id="6348" path="c6348.jpg"/>
  <thumbnail camera_id="6349" path="c6349.jpg"/>
  <thumbnail camera_id="6350" path="c6350.jpg"/>
  <thumbnail camera_id="6351" path="c6351.jpg"/>
  <thumbnail camera_id="6352" path="c6352.jpg"/>
  <thumbnail camera_id="6353" path="c6353.jpg"/>
  <thumbnail camera_id="6354" path="c6354.jpg"/>
  <thumbnail camera_id="6355" path="c6355.jpg"/>
  <thumbnail camera_id="6356" path="c6356.jpg"/>
  <thumbnail camera_id="6357" path="c6357.jpg"/>
  <thumbnail camera_id="6358" path="c6358.jpg"/>
  <thumbnail camera_id="6359" path="c6359.jpg"/>
  <thumbnail camera_id="6360" path="c6360.jpg"/>
  <thumbnail camera_id="6361" path="c6361.jpg"/>
  <thumbnail camera_id="6362" path="c6362.jpg"/>
  <thumbnail camera_id="6363" path="c6363.jpg"/>
  <thumbnail camera_id="6364" path="c6364.jpg"/>
  <thumbnail camera_id="6365" path="c6365.jpg"/>
  <thumbnail camera_id="6366" path="c6366.jpg"/>
  <thumbnail camera_id="6367" path="c6367.jpg"/>
  <thumbnail camera_id="6368" path="c6368.jpg"/>
  <thumbnail camera_id="6369" path="c6369.jpg"/>
  <thumbnail camera_id="6370" path="c6370.jpg"/>
  <thumbnail camera_id="6371" path="c6371.jpg"/>
  <thumbnail camera_id="6372" path="c6372.jpg"/>
  <thumbnail camera_id="6373" path="c6373.jpg"/>
  <thumbnail camera_id="6374" path="c6374.jpg"/>
  <thumbnail camera_id="6375" path="c6375.jpg"/>
  <thumbnail camera_id="6376" path="c6376.jpg"/>
  <thumbnail camera_id="6377" path="c6377.jpg"/>
  <thumbnail camera_id="6378" path="c6378.jpg"/>
  <thumbnail camera_id="6379" path="c6379.jpg"/>
  <thumbnail camera_id="6380" path="c6380.jpg"/>
  <thumbnail camera_id="6381" path="c6381.jpg"/>
  <thumbnail camera_id="6382" path="c6382.jpg"/>
  <thumbnail camera_id="6383" path="c6383.jpg"/>
  <thumbnail camera_id="6384" path="c6384.jpg"/>
  <thumbnail camera_id="6385" path="c6385.jpg"/>
  <thumbnail camera_id="6386" path="c6386.jpg"/>
  <thumbnail camera_id="6387" path="c6387.jpg"/>
  <thumbnail camera_id="6388" path="c6388.jpg"/>
  <thumbnail camera_id="6389" path="c6389.jpg"/>
  <thumbnail camera_id="6390" path="c6390.jpg"/>
  <thumbnail camera_id="6391" path="c6391.jpg"/>
  <thumbnail camera_id="6392" path="c6392.jpg"/>
  <thumbnail camera_id="6393" path="c6393.jpg"/>
  <thumbnail camera_id="6394" path="c6394.jpg"/>
  <thumbnail camera_id="6395" path="c6395.jpg"/>
  <thumbnail camera_id="6396" path="c6396.jpg"/>
  <thumbnail camera_id="6397" path="c6397.jpg"/>
  <thumbnail camera_id="6398" path="c6398.jpg"/>
  <thumbnail camera_id="6399" path="c6399.jpg"/>
  <thumbnail camera_id="6400" path="c6400.jpg"/>
  <thumbnail camera_id="6401" path="c6401.jpg"/>
  <thumbnail camera_id="6402" path="c6402.jpg"/>
  <thumbnail camera_id="6403" path="c6403.jpg"/>
  <thumbnail camera_id="6404" path="c6404.jpg"/>
  <thumbnail camera_id="6405" path="c6405.jpg"/>
  <thumbnail camera_id="6406" path="c6406.jpg"/>
  <thumbnail camera_id="6407" path="c6407.jpg"/>
  <thumbnail camera_id="6408" path="c6408.jpg"/>
  <thumbnail camera_id="6409" path="c6409.jpg"/>
  <thumbnail camera_id="6410" path="c6410.jpg"/>
  <thumbnail camera_id="6411" path="c6411.jpg"/>
  <thumbnail camera_id="6412" path="c6412.jpg"/>
  <thumbnail camera_id="6413" path="c6413.jpg"/>
  <thumbnail camera_id="6414" path="c6414.jpg"/>
  <thumbnail camera_id="6415" path="c6415.jpg"/>
  <thumbnail camera_id="6416" path="c6416.jpg"/>
  <thumbnail camera_id="6417" path="c6417.jpg"/>
  <thumbnail camera_id="6418" path="c6418.jpg"/>
  <thumbnail camera_id="6419" path="c6419.jpg"/>
  <thumbnail camera_id="6420" path="c6420.jpg"/>
  <thumbnail camera_id="6421" path="c6421.jpg"/>
  <thumbnail camera_id="6422" path="c6422.jpg"/>
  <thumbnail camera_id="6423" path="c6423.jpg"/>
  <thumbnail camera_id="6424" path="c6424.jpg"/>
  <thumbnail camera_id="6425" path="c6425.jpg"/>
  <thumbnail camera_id="6426" path="c6426.jpg"/>
  <thumbnail camera_id="6427" path="c6427.jpg"/>
  <thumbnail camera_id="6428" path="c6428.jpg"/>
  <thumbnail camera_id="6429" path="c6429.jpg"/>
  <thumbnail camera_id="6430" path="c6430.jpg"/>
  <thumbnail camera_id="6431" path="c6431.jpg"/>
  <thumbnail camera_id="6432" path="c6432.jpg"/>
  <thumbnail camera_id="6433" path="c6433.jpg"/>
  <thumbnail camera_id="6434" path="c6434.jpg"/>
  <thumbnail camera_id="6435" path="c6435.jpg"/>
  <thumbnail camera_id="6436" path="c6436.jpg"/>
  <thumbnail camera_id="6437" path="c6437.jpg"/>
  <thumbnail camera_id="6438" path="c6438.jpg"/>
  <thumbnail camera_id="6439" path="c6439.jpg"/>
  <thumbnail camera_id="6440" path="c6440.jpg"/>
  <thumbnail camera_id="6441" path="c6441.jpg"/>
  <thumbnail camera_id="6442" path="c6442.jpg"/>
  <thumbnail camera_id="6443" path="c6443.jpg"/>
  <thumbnail camera_id="6444" path="c6444.jpg"/>
  <thumbnail camera_id="6445" path="c6445.jpg"/>
  <thumbnail camera_id="6446" path="c6446.jpg"/>
  <thumbnail camera_id="6447" path="c6447.jpg"/>
  <thumbnail camera_id="6448" path="c6448.jpg"/>
  <thumbnail camera_id="6449" path="c6449.jpg"/>
  <thumbnail camera_id="6450" path="c6450.jpg"/>
  <thumbnail camera_id="6451" path="c6451.jpg"/>
  <thumbnail camera_id="6452" path="c6452.jpg"/>
  <thumbnail camera_id="6453" path="c6453.jpg"/>
  <thumbnail camera_id="6454" path="c6454.jpg"/>
  <thumbnail camera_id="6455" path="c6455.jpg"/>
  <thumbnail camera_id="6456" path="c6456.jpg"/>
  <thumbnail camera_id="6457" path="c6457.jpg"/>
  <thumbnail camera_id="6458" path="c6458.jpg"/>
  <thumbnail camera_id="6459" path="c6459.jpg"/>
  <thumbnail camera_id="6460" path="c6460.jpg"/>
  <thumbnail camera_id="6461" path="c6461.jpg"/>
  <thumbnail camera_id="6462" path="c6462.jpg"/>
  <thumbnail camera_id="6463" path="c6463.jpg"/>
  <thumbnail camera_id="6464" path="c6464.jpg"/>
  <thumbnail camera_id="6465" path="c6465.jpg"/>
  <thumbnail camera_id="6466" path="c6466.jpg"/>
  <thumbnail camera_id="6467" path="c6467.jpg"/>
  <thumbnail camera_id="6468" path="c6468.jpg"/>
  <thumbnail camera_id="6469" path="c6469.jpg"/>
  <thumbnail camera_id="6470" path="c6470.jpg"/>
  <thumbnail camera_id="6471" path="c6471.jpg"/>
  <thumbnail camera_id="6472" path="c6472.jpg"/>
  <thumbnail camera_id="6473" path="c6473.jpg"/>
  <thumbnail camera_id="6474" path="c6474.jpg"/>
  <thumbnail camera_id="6475" path="c6475.jpg"/>
  <thumbnail camera_id="6476" path="c6476.jpg"/>
  <thumbnail camera_id="6477" path="c6477.jpg"/>
  <thumbnail camera_id="6478" path="c6478.jpg"/>
  <thumbnail camera_id="6479" path="c6479.jpg"/>
  <thumbnail camera_id="6480" path="c6480.jpg"/>
  <thumbnail camera_id="6481" path="c6481.jpg"/>
  <thumbnail camera_id="6482" path="c6482.jpg"/>
  <thumbnail camera_id="6483" path="c6483.jpg"/>
  <thumbnail camera_id="6484" path="c6484.jpg"/>
  <thumbnail camera_id="6485" path="c6485.jpg"/>
  <thumbnail camera_id="6486" path="c6486.jpg"/>
  <thumbnail camera_id="6487" path="c6487.jpg"/>
  <thumbnail camera_id="6488" path="c6488.jpg"/>
  <thumbnail camera_id="6489" path="c6489.jpg"/>
  <thumbnail camera_id="6490" path="c6490.jpg"/>
  <thumbnail camera_id="6491" path="c6491.jpg"/>
  <thumbnail camera_id="6492" path="c6492.jpg"/>
  <thumbnail camera_id="6493" path="c6493.jpg"/>
  <thumbnail camera_id="6494" path="c6494.jpg"/>
  <thumbnail camera_id="6495" path="c6495.jpg"/>
  <thumbnail camera_id="6496" path="c6496.jpg"/>
  <thumbnail camera_id="6497" path="c6497.jpg"/>
  <thumbnail camera_id="6498" path="c6498.jpg"/>
  <thumbnail camera_id="6499" path="c6499.jpg"/>
  <thumbnail camera_id="6500" path="c6500.jpg"/>
  <thumbnail camera_id="6501" path="c6501.jpg"/>
  <thumbnail camera_id="6502" path="c6502.jpg"/>
  <thumbnail camera_id="6503" path="c6503.jpg"/>
  <thumbnail camera_id="6504" path="c6504.jpg"/>
  <thumbnail camera_id="6505" path="c6505.jpg"/>
  <thumbnail camera_id="6506" path="c6506.jpg"/>
  <thumbnail camera_id="6507" path="c6507.jpg"/>
  <thumbnail camera_id="6508" path="c6508.jpg"/>
  <thumbnail camera_id="6509" path="c6509.jpg"/>
  <thumbnail camera_id="6510" path="c6510.jpg"/>
  <thumbnail camera_id="6511" path="c6511.jpg"/>
  <thumbnail camera_id="6512" path="c6512.jpg"/>
  <thumbnail camera_id="6513" path="c6513.jpg"/>
  <thumbnail camera_id="6514" path="c6514.jpg"/>
  <thumbnail camera_id="6515" path="c6515.jpg"/>
  <thumbnail camera_id="6516" path="c6516.jpg"/>
  <thumbnail camera_id="6517" path="c6517.jpg"/>
  <thumbnail camera_id="6518" path="c6518.jpg"/>
  <thumbnail camera_id="6519" path="c6519.jpg"/>
  <thumbnail camera_id="6520" path="c6520.jpg"/>
  <thumbnail camera_id="6521" path="c6521.jpg"/>
  <thumbnail camera_id="6522" path="c6522.jpg"/>
  <thumbnail camera_id="6523" path="c6523.jpg"/>
  <thumbnail camera_id="6524" path="c6524.jpg"/>
  <thumbnail camera_id="6525" path="c6525.jpg"/>
  <thumbnail camera_id="6526" path="c6526.jpg"/>
  <thumbnail camera_id="6527" path="c6527.jpg"/>
  <thumbnail camera_id="6528" path="c6528.jpg"/>
  <thumbnail camera_id="6529" path="c6529.jpg"/>
  <thumbnail camera_id="6530" path="c6530.jpg"/>
  <thumbnail camera_id="6531" path="c6531.jpg"/>
  <thumbnail camera_id="6532" path="c6532.jpg"/>
  <thumbnail camera_id="6533" path="c6533.jpg"/>
  <thumbnail camera_id="6534" path="c6534.jpg"/>
  <thumbnail camera_id="6535" path="c6535.jpg"/>
  <thumbnail camera_id="6536" path="c6536.jpg"/>
  <thumbnail camera_id="6537" path="c6537.jpg"/>
  <thumbnail camera_id="6538" path="c6538.jpg"/>
  <thumbnail camera_id="6539" path="c6539.jpg"/>
  <thumbnail camera_id="6540" path="c6540.jpg"/>
  <thumbnail camera_id="6541" path="c6541.jpg"/>
  <thumbnail camera_id="6542" path="c6542.jpg"/>
  <thumbnail camera_id="6543" path="c6543.jpg"/>
  <thumbnail camera_id="6544" path="c6544.jpg"/>
  <thumbnail camera_id="6545" path="c6545.jpg"/>
  <thumbnail camera_id="6546" path="c6546.jpg"/>
  <thumbnail camera_id="6547" path="c6547.jpg"/>
  <thumbnail camera_id="6548" path="c6548.jpg"/>
  <thumbnail camera_id="6549" path="c6549.jpg"/>
  <thumbnail camera_id="6550" path="c6550.jpg"/>
  <thumbnail camera_id="6551" path="c6551.jpg"/>
  <thumbnail camera_id="6552" path="c6552.jpg"/>
  <thumbnail camera_id="6553" path="c6553.jpg"/>
  <thumbnail camera_id="6554" path="c6554.jpg"/>
  <thumbnail camera_id="6555" path="c6555.jpg"/>
  <thumbnail camera_id="6556" path="c6556.jpg"/>
  <thumbnail camera_id="6557" path="c6557.jpg"/>
  <thumbnail camera_id="6558" path="c6558.jpg"/>
  <thumbnail camera_id="6559" path="c6559.jpg"/>
  <thumbnail camera_id="6560" path="c6560.jpg"/>
  <thumbnail camera_id="6561" path="c6561.jpg"/>
  <thumbnail camera_id="6562" path="c6562.jpg"/>
  <thumbnail camera_id="6563" path="c6563.jpg"/>
  <thumbnail camera_id="6564" path="c6564.jpg"/>
  <thumbnail camera_id="6565" path="c6565.jpg"/>
  <thumbnail camera_id="6566" path="c6566.jpg"/>
  <thumbnail camera_id="6567" path="c6567.jpg"/>
  <thumbnail camera_id="6568" path="c6568.jpg"/>
  <thumbnail camera_id="6569" path="c6569.jpg"/>
  <thumbnail camera_id="6570" path="c6570.jpg"/>
  <thumbnail camera_id="6571" path="c6571.jpg"/>
  <thumbnail camera_id="6572" path="c6572.jpg"/>
  <thumbnail camera_id="6573" path="c6573.jpg"/>
  <thumbnail camera_id="6574" path="c6574.jpg"/>
  <thumbnail camera_id="6575" path="c6575.jpg"/>
  <thumbnail camera_id="6576" path="c6576.jpg"/>
  <thumbnail camera_id="6577" path="c6577.jpg"/>
  <thumbnail camera_id="6578" path="c6578.jpg"/>
  <thumbnail camera_id="6579" path="c6579.jpg"/>
  <thumbnail camera_id="6580" path="c6580.jpg"/>
  <thumbnail camera_id="6581" path="c6581.jpg"/>
  <thumbnail camera_id="6582" path="c6582.jpg"/>
  <thumbnail camera_id="6583" path="c6583.jpg"/>
  <thumbnail camera_id="6584" path="c6584.jpg"/>
  <thumbnail camera_id="6585" path="c6585.jpg"/>
  <thumbnail camera_id="6586" path="c6586.jpg"/>
  <thumbnail camera_id="6587" path="c6587.jpg"/>
  <thumbnail camera_id="6588" path="c6588.jpg"/>
  <thumbnail camera_id="6589" path="c6589.jpg"/>
  <thumbnail camera_id="6590" path="c6590.jpg"/>
  <thumbnail camera_id="6591" path="c6591.jpg"/>
  <thumbnail camera_id="6592" path="c6592.jpg"/>
  <thumbnail camera_id="6593" path="c6593.jpg"/>
  <thumbnail camera_id="6594" path="c6594.jpg"/>
  <thumbnail camera_id="6595" path="c6595.jpg"/>
  <thumbnail camera_id="6596" path="c6596.jpg"/>
  <thumbnail camera_id="6597" path="c6597.jpg"/>
  <thumbnail camera_id="6598" path="c6598.jpg"/>
  <thumbnail camera_id="6599" path="c6599.jpg"/>
  <thumbnail camera_id="6600" path="c6600.jpg"/>
  <thumbnail camera_id="6601" path="c6601.jpg"/>
  <thumbnail camera_id="6602" path="c6602.jpg"/>
  <thumbnail camera_id="6603" path="c6603.jpg"/>
  <thumbnail camera_id="6604" path="c6604.jpg"/>
  <thumbnail camera_id="6605" path="c6605.jpg"/>
  <thumbnail camera_id="6606" path="c6606.jpg"/>
  <thumbnail camera_id="6607" path="c6607.jpg"/>
  <thumbnail camera_id="6608" path="c6608.jpg"/>
  <thumbnail camera_id="6609" path="c6609.jpg"/>
  <thumbnail camera_id="6610" path="c6610.jpg"/>
  <thumbnail camera_id="6611" path="c6611.jpg"/>
  <thumbnail camera_id="6612" path="c6612.jpg"/>
  <thumbnail camera_id="6613" path="c6613.jpg"/>
  <thumbnail camera_id="6614" path="c6614.jpg"/>
  <thumbnail camera_id="6615" path="c6615.jpg"/>
  <thumbnail camera_id="6616" path="c6616.jpg"/>
  <thumbnail camera_id="6617" path="c6617.jpg"/>
  <thumbnail camera_id="6618" path="c6618.jpg"/>
  <thumbnail camera_id="6619" path="c6619.jpg"/>
  <thumbnail camera_id="6620" path="c6620.jpg"/>
  <thumbnail camera_id="6621" path="c6621.jpg"/>
  <thumbnail camera_id="6622" path="c6622.jpg"/>
  <thumbnail camera_id="6623" path="c6623.jpg"/>
  <thumbnail camera_id="6624" path="c6624.jpg"/>
  <thumbnail camera_id="6625" path="c6625.jpg"/>
  <thumbnail camera_id="6626" path="c6626.jpg"/>
  <thumbnail camera_id="6627" path="c6627.jpg"/>
  <thumbnail camera_id="6628" path="c6628.jpg"/>
  <thumbnail camera_id="6629" path="c6629.jpg"/>
  <thumbnail camera_id="6630" path="c6630.jpg"/>
  <thumbnail camera_id="6631" path="c6631.jpg"/>
  <thumbnail camera_id="6632" path="c6632.jpg"/>
  <thumbnail camera_id="6633" path="c6633.jpg"/>
  <thumbnail camera_id="6634" path="c6634.jpg"/>
  <thumbnail camera_id="6635" path="c6635.jpg"/>
  <thumbnail camera_id="6636" path="c6636.jpg"/>
  <thumbnail camera_id="6637" path="c6637.jpg"/>
  <thumbnail camera_id="6638" path="c6638.jpg"/>
  <thumbnail camera_id="6639" path="c6639.jpg"/>
  <thumbnail camera_id="6640" path="c6640.jpg"/>
  <thumbnail camera_id="6641" path="c6641.jpg"/>
  <thumbnail camera_id="6642" path="c6642.jpg"/>
  <thumbnail camera_id="6643" path="c6643.jpg"/>
  <thumbnail camera_id="6644" path="c6644.jpg"/>
  <thumbnail camera_id="6645" path="c6645.jpg"/>
  <thumbnail camera_id="6646" path="c6646.jpg"/>
  <thumbnail camera_id="6647" path="c6647.jpg"/>
  <thumbnail camera_id="6648" path="c6648.jpg"/>
  <thumbnail camera_id="6649" path="c6649.jpg"/>
  <thumbnail camera_id="6650" path="c6650.jpg"/>
  <thumbnail camera_id="6651" path="c6651.jpg"/>
  <thumbnail camera_id="6652" path="c6652.jpg"/>
  <thumbnail camera_id="6653" path="c6653.jpg"/>
  <thumbnail camera_id="6654" path="c6654.jpg"/>
  <thumbnail camera_id="6655" path="c6655.jpg"/>
  <thumbnail camera_id="6656" path="c6656.jpg"/>
  <thumbnail camera_id="6657" path="c6657.jpg"/>
  <thumbnail camera_id="6658" path="c6658.jpg"/>
  <thumbnail camera_id="6659" path="c6659.jpg"/>
  <thumbnail camera_id="6660" path="c6660.jpg"/>
  <thumbnail camera_id="6661" path="c6661.jpg"/>
  <thumbnail camera_id="6662" path="c6662.jpg"/>
  <thumbnail camera_id="6663" path="c6663.jpg"/>
  <thumbnail camera_id="6664" path="c6664.jpg"/>
  <thumbnail camera_id="6665" path="c6665.jpg"/>
  <thumbnail camera_id="6666" path="c6666.jpg"/>
  <thumbnail camera_id="6667" path="c6667.jpg"/>
  <thumbnail camera_id="6668" path="c6668.jpg"/>
  <thumbnail camera_id="6669" path="c6669.jpg"/>
  <thumbnail camera_id="6670" path="c6670.jpg"/>
  <thumbnail camera_id="6671" path="c6671.jpg"/>
  <thumbnail camera_id="6672" path="c6672.jpg"/>
  <thumbnail camera_id="6673" path="c6673.jpg"/>
  <thumbnail camera_id="6674" path="c6674.jpg"/>
  <thumbnail camera_id="6675" path="c6675.jpg"/>
  <thumbnail camera_id="6676" path="c6676.jpg"/>
  <thumbnail camera_id="6677" path="c6677.jpg"/>
  <thumbnail camera_id="6678" path="c6678.jpg"/>
  <thumbnail camera_id="6679" path="c6679.jpg"/>
  <thumbnail camera_id="6680" path="c6680.jpg"/>
  <thumbnail camera_id="6681" path="c6681.jpg"/>
  <thumbnail camera_id="6682" path="c6682.jpg"/>
  <thumbnail camera_id="6683" path="c6683.jpg"/>
  <thumbnail camera_id="6684" path="c6684.jpg"/>
  <thumbnail camera_id="6685" path="c6685.jpg"/>
  <thumbnail camera_id="6686" path="c6686.jpg"/>
  <thumbnail camera_id="6687" path="c6687.jpg"/>
  <thumbnail camera_id="6688" path="c6688.jpg"/>
  <thumbnail camera_id="6689" path="c6689.jpg"/>
  <thumbnail camera_id="6690" path="c6690.jpg"/>
  <thumbnail camera_id="6691" path="c6691.jpg"/>
  <thumbnail camera_id="6692" path="c6692.jpg"/>
  <thumbnail camera_id="6693" path="c6693.jpg"/>
  <thumbnail camera_id="6694" path="c6694.jpg"/>
  <thumbnail camera_id="6695" path="c6695.jpg"/>
  <thumbnail camera_id="6696" path="c6696.jpg"/>
  <thumbnail camera_id="6697" path="c6697.jpg"/>
  <thumbnail camera_id="6698" path="c6698.jpg"/>
  <thumbnail camera_id="6699" path="c6699.jpg"/>
  <thumbnail camera_id="6700" path="c6700.jpg"/>
  <thumbnail camera_id="6701" path="c6701.jpg"/>
  <thumbnail camera_id="6702" path="c6702.jpg"/>
  <thumbnail camera_id="6703" path="c6703.jpg"/>
  <thumbnail camera_id="6704" path="c6704.jpg"/>
</thumbnails>
